<?xml version="1.0" encoding="UTF-8"?>
<project-private xmlns="http://www.netbeans.org/ns/project-private/1">
    <editor-bookmarks xmlns="http://www.netbeans.org/ns/editor-bookmarks/2" lastBookmarkId="0"/>
    <open-files xmlns="http://www.netbeans.org/ns/projectui-open-files/2">
        <group>
            <file>file:/D:/Git/udst-repozytoria/STUDIA-ProgramowanieObiektowe-Projekt/SklepPW/src/skleppw/Sklep.java</file>
            <file>file:/D:/Git/udst-repozytoria/STUDIA-ProgramowanieObiektowe-Projekt/SklepPW/src/skleppw/Uzytkownik.java</file>
            <file>file:/D:/Git/udst-repozytoria/STUDIA-ProgramowanieObiektowe-Projekt/SklepPW/src/skleppw/SklepPW.java</file>
            <file>file:/D:/Git/udst-repozytoria/STUDIA-ProgramowanieObiektowe-Projekt/SklepPW/src/skleppw/TowarySklep.java</file>
            <file>file:/D:/Git/udst-repozytoria/STUDIA-ProgramowanieObiektowe-Projekt/SklepPW/src/skleppw/Towar.java</file>
            <file>file:/D:/Git/udst-repozytoria/STUDIA-ProgramowanieObiektowe-Projekt/SklepPW/src/skleppw/TowarSklep.java</file>
        </group>
    </open-files>
</project-private>
